{"standard": {"std": [5.2240350836243845, 106.33868750249701, 521.5022032993729, 8.783113916669446, 5.215022032993727], "mean": [1.127431182815179, 495.7477678139312, 39.47007203478073, -243.36892526530622, -0.39470072034780684]}, "houses": {"Ravenclaw": [-2.2834119687825067, 0.9077256867945924, 1.5375291609872273, -0.7636688202981161, 1.6533025999595692, 0.7636688202981172], "Slytherin": [-3.046940841293529, -1.2268928997895403, -1.8351208470810543, -1.393750566576988, -1.0440617261649756, 1.3937505665769885], "Gryffindor": [-2.8631931615821076, -1.371809104556496, 2.4617887885760266, 0.9218238636407459, -0.8671644161818834, -0.9218238636407458], "Hufflepuff": [-1.706057283024726, 1.881947563714439, -2.439333776054019, 1.2589004808589817, 0.23175097854225776, -1.258900480858982]}}